pedido_id,data_venda,uf,canal_venda,categoria,produto,quantidade,desconto,preco_unitario,receita,lucro,margem_lucro,latitude,longitude,mes
9000,2025-01-29,RS,Marketplace,Acessórios,Teclado Mecânico,5,0.07,386.96,4063.08,675.62,0.1663,-29.86937,-50.89149,2025-01
9001,2025-03-10,PE,App,Móveis,Mesa Compacta,3,0.1265,614.56,1843.68,271.35,0.1472,-8.5855,-35.2049,2025-03
9002,2025-03-25,SC,Online,Informática,Monitor 27,6,0.0712,1339.74,8038.44,2011.38,0.2502,-28.16059,-48.44543,2025-03
9003,2025-06-20,BA,Online,Móveis,Cadeira Office,4,0.0,1004.15,4016.6,1326.0,0.3301,-13.82252,-38.83131,2025-06
9004,2025-07-19,RS,Online,Telefonia,Smartphone X,2,0.0,2512.55,5025.1,762.04,0.1516,-29.44977,-51.6427,2025-07
9005,2025-09-11,GO,Online,Acessórios,Headset Pro,5,0.0908,300.53,1502.65,585.95,0.3899,-16.45697,-49.53835,2025-09
9006,2025-10-15,MG,App,Acessórios,Headset Pro,3,0.0774,299.22,897.66,287.64,0.3204,-20.12392,-44.08656,2025-10
9007,2025-08-07,MG,App,Acessórios,Teclado Mecânico,5,0.0197,384.63,1923.15,803.35,0.4177,-19.86366,-43.7623,2025-08
9008,2025-10-22,RJ,Loja Física,Informática,Notebook Pro,4,0.1172,3979.72,15918.88,3908.48,0.2455,-22.41861,-43.25032,2025-10
9009,2025-10-01,RJ,Marketplace,Móveis,Cadeira Office,7,0.1382,883.9,6187.3,1437.73,0.2324,-22.88483,-43.65409,2025-10
9010,2025-07-07,BA,Online,Telefonia,Smartphone X,2,0.1078,2485.96,4971.92,574.14,0.1155,-12.69916,-37.64772,2025-07
9011,2025-01-26,SC,Loja Física,Acessórios,Teclado Mecânico,3,0.0586,336.83,1010.49,302.88,0.2997,-27.24044,-48.26238,2025-01
9012,2025-06-16,PR,App,Acessórios,Teclado Mecânico,3,0.0,388.5,1165.5,440.43,0.3779,-25.82569,-49.25785,2025-06
9013,2025-04-09,RJ,App,Acessórios,Teclado Mecânico,5,0.0552,388.61,1943.05,803.8,0.4137,-23.80437,-43.73998,2025-04
9014,2025-11-17,GO,Online,Móveis,Mesa Compacta,1,0.1529,662.24,662.24,167.91,0.2535,-16.26621,-49.04087,2025-11
9015,2025-01-11,SP,App,Informática,Notebook Pro,6,0.0735,3917.67,23506.02,3319.74,0.1412,-24.67707,-46.89558,2025-01
9016,2025-03-28,CE,Online,Informática,Notebook Pro,4,0.0792,3648.86,14595.44,1850.96,0.1268,-2.72485,-38.58697,2025-03
9017,2025-09-24,BA,Online,Acessórios,Mouse Gamer,4,0.0477,198.15,792.6,315.52,0.3981,-12.88427,-38.46922,2025-09
9018,2025-02-04,GO,Online,Móveis,Cadeira Office,2,0.0857,866.09,1732.18,420.0,0.2425,-16.35098,-48.94149,2025-02
9019,2025-03-13,PR,App,Acessórios,Teclado Mecânico,6,0.0924,364.25,2185.5,704.7,0.3224,-25.45325,-48.79836,2025-03
9020,2025-12-25,SP,Marketplace,Informática,Monitor 27,6,0.184,1290.11,7740.66,1249.68,0.1614,-24.00289,-47.14497,2025-12
9021,2025-10-30,PE,App,Acessórios,Teclado Mecânico,2,0.037,363.25,726.5,246.28,0.339,-7.2852,-34.86548,2025-10
9022,2025-10-14,RS,Loja Física,Móveis,Mesa Compacta,3,0.1034,685.55,2056.65,651.12,0.3166,-30.42542,-51.46138,2025-10
9023,2025-08-02,GO,Loja Física,Telefonia,Smartphone X,6,0.0,2643.45,15860.7,3425.94,0.216,-17.03508,-49.50596,2025-08
9024,2025-07-30,BA,Online,Móveis,Cadeira Office,3,0.0249,1029.44,3088.32,1100.31,0.3563,-12.33023,-38.3033,2025-07
9025,2025-04-20,GO,App,Acessórios,Teclado Mecânico,2,0.0483,369.92,739.84,264.16,0.3571,-16.34571,-48.70176,2025-04
9026,2025-03-21,BA,Online,Acessórios,Teclado Mecânico,4,0.116,367.76,1471.04,601.2,0.4087,-13.62233,-38.82144,2025-03
9027,2025-01-17,PR,Online,Informática,Notebook Pro,4,0.0476,4240.17,16960.68,5059.76,0.2983,-25.67922,-49.39801,2025-01
9028,2025-09-29,CE,Loja Física,Telefonia,Smartphone X,3,0.0043,2723.26,8169.78,2158.29,0.2642,-3.81131,-38.52639,2025-09
9029,2025-11-29,SP,App,Móveis,Mesa Compacta,5,0.077,699.29,3496.45,1020.65,0.2919,-24.02208,-46.71168,2025-11
9030,2025-11-17,GO,Online,Acessórios,Headset Pro,6,0.099,296.95,1781.7,570.24,0.3201,-16.84393,-49.65092,2025-11
9031,2025-02-05,SP,Online,Móveis,Cadeira Office,4,0.0358,933.4,3733.6,842.56,0.2257,-23.25575,-46.4947,2025-02
9032,2025-10-05,SP,Marketplace,Móveis,Mesa Compacta,5,0.1756,616.59,3082.95,507.25,0.1645,-23.14132,-46.07301,2025-10
9033,2025-11-13,GO,App,Acessórios,Teclado Mecânico,6,0.0,392.17,2353.02,863.22,0.3669,-17.03982,-49.41674,2025-11
9034,2025-08-31,PR,App,Móveis,Cadeira Office,3,0.1346,894.86,2684.58,610.38,0.2274,-25.2888,-49.42054,2025-08
9035,2025-05-02,MG,Loja Física,Informática,Monitor 27,2,0.0598,1431.97,2863.94,772.4,0.2697,-19.69076,-43.8246,2025-05
9036,2025-06-03,GO,App,Informática,Notebook Pro,1,0.0301,4604.52,4604.52,1610.18,0.3497,-16.48407,-49.12723,2025-06
9037,2025-05-20,SP,Online,Móveis,Mesa Compacta,4,0.0004,729.33,2917.32,810.84,0.2779,-24.34716,-46.43946,2025-05
9038,2025-01-20,RS,App,Acessórios,Mouse Gamer,3,0.148,172.56,517.68,177.39,0.3427,-30.1824,-51.49155,2025-01
9039,2025-10-19,PE,Marketplace,Acessórios,Teclado Mecânico,5,0.1055,342.43,1712.15,487.1,0.2845,-7.72448,-34.74004,2025-10
9040,2025-05-25,GO,Loja Física,Móveis,Cadeira Office,2,0.0645,980.28,1960.56,551.68,0.2814,-16.89038,-49.54897,2025-05
9041,2025-11-19,BA,Online,Telefonia,Smartphone X,6,0.0273,2520.44,15122.64,3025.02,0.2,-12.68949,-38.54979,2025-11
9042,2025-09-03,PE,Online,Telefonia,Smartphone X,3,0.0209,2586.49,7759.47,1602.18,0.2065,-7.81428,-34.55762,2025-09
9043,2025-05-03,RJ,Loja Física,Telefonia,Smartphone X,4,0.1243,2316.81,9267.24,144.76,0.0156,-22.94989,-43.30143,2025-05
9044,2025-08-23,GO,App,Acessórios,Teclado Mecânico,7,0.0934,336.78,2357.46,654.85,0.2778,-16.23224,-49.95397,2025-08
9045,2025-09-19,GO,Online,Informática,Monitor 27,5,0.1439,1249.5,6247.5,1133.3,0.1814,-16.67643,-49.24202,2025-09
9046,2025-04-12,CE,App,Telefonia,Smartphone X,7,0.079,2622.64,18358.48,3416.84,0.1861,-3.60286,-38.3861,2025-04
9047,2025-10-27,PR,Marketplace,Acessórios,Headset Pro,4,0.0696,321.06,1284.24,546.72,0.4257,-25.91328,-48.87652,2025-10
9048,2025-11-29,PR,Marketplace,Acessórios,Headset Pro,7,0.1327,286.01,4204.35,668.12,0.1589,-25.41314,-49.19308,2025-11
9049,2025-02-18,SP,App,Móveis,Mesa Compacta,6,0.008,675.33,4051.98,1253.88,0.3094,-23.19652,-46.22875,2025-02
9050,2025-07-01,PR,Online,Móveis,Cadeira Office,6,0.0869,946.62,5679.72,1502.1,0.2645,-25.92141,-49.34075,2025-07
9051,2025-09-27,BA,App,Acessórios,Teclado Mecânico,3,0.0857,346.19,1038.57,319.62,0.3078,-12.24902,-38.93365,2025-09
9052,2025-08-30,BA,Online,Informática,Notebook Pro,1,0.0785,3851.85,3851.85,738.64,0.1918,-12.90207,-39.36048,2025-08
9053,2025-09-04,GO,Online,Móveis,Cadeira Office,3,0.0176,941.69,2825.07,747.15,0.2645,-16.31816,-48.8418,2025-09
9054,2025-04-04,GO,App,Acessórios,Headset Pro,5,0.1075,293.5,1467.5,417.95,0.2848,-16.30144,-48.73134,2025-04
9055,2025-09-01,GO,App,Móveis,Cadeira Office,3,0.1096,901.91,2705.73,720.36,0.2662,-17.71452,-49.4129,2025-09
9056,2025-08-22,SC,Loja Física,Acessórios,Headset Pro,5,0.0,311.17,1555.85,578.7,0.372,-28.10895,-48.65981,2025-08
9057,2025-06-02,RS,Online,Acessórios,Mouse Gamer,4,0.0574,198.64,794.56,341.04,0.4292,-30.29796,-51.10936,2025-06
9058,2025-11-21,SP,Marketplace,Acessórios,Teclado Mecânico,9,0.1341,322.06,2898.54,956.79,0.3301,-23.22361,-46.68534,2025-11
9059,2025-07-12,MG,Marketplace,Acessórios,Mouse Gamer,6,0.1971,172.61,1035.66,281.58,0.2719,-19.71996,-43.91058,2025-07
9060,2025-09-28,MG,Online,Acessórios,Headset Pro,6,0.0329,303.3,1819.8,734.88,0.4038,-20.0257,-43.70188,2025-09
9061,2025-01-07,MG,Marketplace,Acessórios,Teclado Mecânico,4,0.0831,358.31,1433.24,541.44,0.3778,-20.03786,-43.63589,2025-01
9062,2025-12-17,GO,Marketplace,Móveis,Cadeira Office,4,0.0998,920.42,3681.68,904.12,0.2456,-16.61046,-49.17136,2025-12
9063,2025-10-15,RS,Marketplace,Acessórios,Headset Pro,5,0.0871,314.15,1570.75,600.5,0.3823,-30.81471,-51.19056,2025-10
9064,2025-06-17,RJ,Loja Física,Acessórios,Headset Pro,5,0.0592,289.93,1449.65,574.75,0.3965,-22.75489,-43.32374,2025-06
9065,2025-03-12,PE,Marketplace,Móveis,Cadeira Office,3,0.0786,913.22,2739.66,702.45,0.2564,-7.50977,-35.02534,2025-03
9066,2025-12-18,RJ,Loja Física,Móveis,Mesa Compacta,9,0.0195,702.79,6325.11,1921.77,0.3038,-22.99383,-43.29419,2025-12
9067,2025-06-01,SP,Online,Móveis,Mesa Compacta,7,0.0276,769.52,5386.64,1703.8,0.3163,-23.28176,-46.9447,2025-06
9068,2025-10-13,CE,App,Móveis,Mesa Compacta,2,0.006,757.07,1514.14,536.72,0.3545,-3.94034,-37.66972,2025-10
9069,2025-03-11,RS,Marketplace,Móveis,Mesa Compacta,6,0.0983,701.98,4211.88,1331.04,0.316,-30.32448,-50.89253,2025-03
9070,2025-08-29,SC,Online,Informática,Monitor 27,6,0.0089,1611.04,9666.24,3759.48,0.3889,-27.45395,-48.77903,2025-08
9071,2025-10-20,PR,Online,Informática,Monitor 27,3,0.093,1270.12,3810.36,503.88,0.1322,-25.33501,-49.33092,2025-10
9072,2025-06-04,PR,Online,Móveis,Cadeira Office,6,0.066,846.43,5078.58,921.42,0.1814,-26.1177,-49.48418,2025-06
9073,2025-12-06,MG,Online,Acessórios,Mouse Gamer,5,0.2013,173.04,865.2,248.2,0.2869,-19.81767,-43.59285,2025-12
9074,2025-12-05,PR,Loja Física,Informática,Notebook Pro,6,0.0813,4043.28,24259.68,6860.4,0.2828,-25.16318,-49.23955,2025-12
9075,2025-11-29,CE,App,Informática,Notebook Pro,4,0.0241,4258.87,17035.48,3034.16,0.1781,-3.54973,-38.03598,2025-11
9076,2025-05-27,PR,Online,Acessórios,Teclado Mecânico,5,0.1184,355.63,1778.15,612.3,0.3443,-25.13769,-49.72846,2025-05
9077,2025-06-13,SC,Online,Telefonia,Smartphone X,4,0.095,2615.32,10461.28,1684.08,0.161,-27.64588,-48.13957,2025-06
9078,2025-09-07,CE,App,Acessórios,Teclado Mecânico,4,0.1042,348.9,1395.6,494.16,0.3541,-4.14288,-38.53082,2025-09
9079,2025-03-17,MG,App,Móveis,Mesa Compacta,4,0.041,761.37,3045.48,1008.04,0.331,-19.51239,-44.05585,2025-03
9080,2025-01-16,PR,Marketplace,Móveis,Cadeira Office,4,0.0536,899.13,3596.52,641.44,0.1784,-25.71861,-48.59345,2025-01
9081,2025-04-03,PR,App,Móveis,Mesa Compacta,4,0.0837,639.63,2558.52,479.8,0.1875,-25.72924,-49.06923,2025-04
9082,2025-03-10,SC,Marketplace,Acessórios,Headset Pro,1,0.1728,251.9,251.9,72.42,0.2875,-27.7206,-48.35765,2025-03
9083,2025-08-01,PR,Online,Informática,Notebook Pro,2,0.0374,4164.99,8329.98,2196.48,0.2637,-24.86782,-49.99139,2025-08
9084,2025-01-10,GO,Marketplace,Móveis,Mesa Compacta,1,0.1297,626.75,626.75,130.38,0.208,-16.69492,-49.28047,2025-01
9085,2025-11-14,SP,App,Informática,Notebook Pro,8,0.0861,4264.89,34119.12,7159.76,0.2098,-23.60852,-46.67747,2025-11
9086,2025-10-15,MG,Online,Informática,Notebook Pro,3,0.0789,3697.12,11091.36,1321.68,0.1192,-20.01894,-43.66983,2025-10
9087,2025-09-25,PE,App,Acessórios,Headset Pro,2,0.0136,325.62,651.24,273.46,0.4199,-7.91445,-34.95373,2025-09
9088,2025-10-15,SC,Online,Telefonia,Smartphone X,2,0.0304,2842.22,5684.44,1479.9,0.2603,-27.61307,-48.43615,2025-10
9089,2025-05-15,RS,Loja Física,Acessórios,Teclado Mecânico,4,0.0705,365.04,1460.16,544.16,0.3727,-30.23332,-51.48551,2025-05
9090,2025-10-09,CE,App,Informática,Notebook Pro,6,0.0683,3732.27,22393.62,2774.58,0.1239,-3.66298,-38.44787,2025-10
9091,2025-07-04,BA,Marketplace,Acessórios,Mouse Gamer,6,0.1438,171.53,1029.18,269.46,0.2618,-13.21242,-38.50381,2025-07
9092,2025-08-07,CE,App,Acessórios,Mouse Gamer,4,0.0913,198.75,795.0,310.52,0.3906,-3.67846,-38.12149,2025-08
9093,2025-06-30,SP,App,Acessórios,Headset Pro,7,0.0605,304.16,2129.12,801.92,0.3766,-23.20431,-46.59517,2025-06
9094,2025-05-12,SP,App,Informática,Notebook Pro,2,0.0399,4322.68,8645.36,2691.66,0.3113,-22.98206,-46.63794,2025-05
9095,2025-04-04,PE,Online,Acessórios,Mouse Gamer,3,0.0461,197.75,593.25,249.09,0.4199,-8.24234,-34.8256,2025-04
9096,2025-06-16,CE,Marketplace,Informática,Monitor 27,5,0.083,1435.36,7176.8,2014.3,0.2807,-4.28127,-38.89225,2025-06
9097,2025-10-21,GO,Loja Física,Móveis,Cadeira Office,2,0.0401,914.38,1828.76,429.74,0.235,-16.41341,-49.57861,2025-10
9098,2025-09-27,CE,Loja Física,Acessórios,Headset Pro,2,0.0444,291.73,583.46,208.96,0.3581,-4.07755,-38.23913,2025-09
9099,2025-09-16,PE,Loja Física,Acessórios,Headset Pro,4,0.067,296.17,1184.68,414.16,0.3496,-7.86302,-34.47037,2025-09
9100,2025-09-04,RJ,Marketplace,Acessórios,Mouse Gamer,8,0.0851,202.87,1622.96,732.72,0.4515,-22.90874,-43.08276,2025-09
9101,2025-06-18,CE,Online,Móveis,Mesa Compacta,3,0.0247,744.86,2234.58,675.45,0.3023,-3.61572,-38.6202,2025-06
9102,2025-02-07,GO,App,Móveis,Cadeira Office,4,0.0885,854.94,3419.76,496.76,0.1453,-16.2507,-49.03297,2025-02
9103,2025-04-15,SP,Marketplace,Telefonia,Smartphone X,4,0.0624,2586.88,10347.52,1727.68,0.167,-23.51329,-46.89226,2025-04
9104,2025-11-08,BA,Online,Acessórios,Headset Pro,8,0.0912,285.04,2280.32,804.24,0.3527,-12.88832,-38.4346,2025-11
9105,2025-03-11,PR,App,Acessórios,Mouse Gamer,2,0.0343,190.72,381.44,130.14,0.3412,-25.79056,-49.36515,2025-03
9106,2025-10-08,BA,Loja Física,Telefonia,Smartphone X,6,0.0815,2375.62,14253.72,2253.66,0.1581,-13.35387,-37.98153,2025-10
9107,2025-09-12,PE,App,Acessórios,Headset Pro,3,0.0,308.19,924.57,395.16,0.4274,-7.9578,-35.34623,2025-09
9108,2025-09-24,CE,App,Acessórios,Teclado Mecânico,6,0.0709,358.31,2149.86,876.84,0.4079,-3.78575,-38.59389,2025-09
9109,2025-11-07,CE,Online,Telefonia,Smartphone X,4,0.0482,3049.95,12199.8,4078.64,0.3343,-3.30069,-38.79484,2025-11
9110,2025-05-03,PE,Marketplace,Acessórios,Mouse Gamer,3,0.0727,196.61,589.83,243.21,0.4123,-8.01558,-34.72572,2025-05
9111,2025-08-21,PE,Online,Acessórios,Teclado Mecânico,6,0.0,434.7,2608.2,1256.28,0.4817,-7.67535,-35.47902,2025-08
9112,2025-08-17,PE,App,Informática,Notebook Pro,1,0.0501,4378.32,4378.32,974.25,0.2225,-7.54692,-35.48585,2025-08
9113,2025-08-21,SC,Marketplace,Informática,Notebook Pro,2,0.0718,3917.48,7834.96,999.66,0.1276,-27.46784,-49.46964,2025-08
9114,2025-04-26,GO,App,Acessórios,Teclado Mecânico,2,0.0582,343.1,686.2,194.54,0.2835,-16.87785,-49.38972,2025-04
9115,2025-12-05,RJ,Online,Informática,Notebook Pro,5,0.0233,4425.41,22127.05,7260.5,0.3281,-22.88461,-42.83627,2025-12
9116,2025-04-22,MG,Loja Física,Acessórios,Headset Pro,2,0.1056,243.68,487.36,115.08,0.2361,-19.96843,-44.64622,2025-04
9117,2025-06-17,SP,App,Acessórios,Teclado Mecânico,5,0.0217,401.45,2007.25,767.85,0.3825,-23.36718,-46.79629,2025-06
9118,2025-06-21,MG,Loja Física,Acessórios,Teclado Mecânico,1,0.1394,345.12,345.12,102.62,0.2973,-19.7603,-44.06747,2025-06
9119,2025-06-06,CE,Online,Informática,Notebook Pro,5,0.0278,4544.91,22724.55,8074.85,0.3553,-4.13541,-38.43011,2025-06
9120,2025-04-26,MG,Online,Móveis,Cadeira Office,1,0.078,871.77,871.77,181.29,0.208,-19.77526,-44.02988,2025-04
9121,2025-01-20,PE,Online,Informática,Monitor 27,2,0.0818,1370.36,2740.72,482.2,0.1759,-8.38182,-34.34913,2025-01
9122,2025-03-21,RJ,App,Telefonia,Smartphone X,3,0.0773,2608.19,7824.57,1772.55,0.2265,-22.58541,-43.45257,2025-03
9123,2025-06-26,CE,Online,Informática,Notebook Pro,2,0.1031,3712.25,7424.5,1219.56,0.1643,-3.5616,-38.50583,2025-06
9124,2025-10-06,PE,Online,Acessórios,Headset Pro,5,0.0129,323.53,1617.65,648.2,0.4007,-8.33875,-34.76887,2025-10
9125,2025-07-08,GO,App,Móveis,Cadeira Office,2,0.0577,815.24,1630.48,193.92,0.1189,-16.70878,-49.78451,2025-07
9126,2025-03-23,RJ,Loja Física,Telefonia,Smartphone X,5,0.0732,2678.78,13393.9,2520.05,0.1881,-22.69549,-42.77316,2025-03
9127,2025-09-04,CE,Online,Acessórios,Mouse Gamer,1,0.0791,178.53,178.53,68.87,0.3858,-4.15388,-38.33898,2025-09
9128,2025-02-25,RS,Loja Física,Informática,Notebook Pro,2,0.0934,4373.29,8746.58,2657.34,0.3038,-30.47468,-51.54853,2025-02
9129,2025-12-21,MG,App,Informática,Notebook Pro,6,0.0,4109.41,24656.46,6261.9,0.254,-19.23277,-43.54394,2025-12
9130,2025-12-22,PR,Online,Telefonia,Smartphone X,4,0.059,2618.0,10472.0,1992.32,0.1903,-25.84146,-49.09229,2025-12
9131,2025-02-26,SP,Online,Acessórios,Headset Pro,4,0.0365,280.86,1123.44,395.72,0.3522,-22.77317,-47.54318,2025-02
9132,2025-10-28,PR,Marketplace,Acessórios,Headset Pro,5,0.1199,276.94,1384.7,428.7,0.3096,-25.41874,-49.87964,2025-10
9133,2025-06-10,SP,App,Móveis,Mesa Compacta,1,0.0485,756.38,756.38,218.76,0.2892,-23.98086,-46.12274,2025-06
9134,2025-11-16,BA,Marketplace,Acessórios,Mouse Gamer,5,0.1451,175.14,875.7,260.3,0.2972,-12.62342,-38.76217,2025-11
9135,2025-11-07,GO,Marketplace,Móveis,Mesa Compacta,7,0.0522,676.17,4733.19,1161.02,0.2453,-16.32231,-49.36107,2025-11
9136,2025-11-11,PR,Loja Física,Informática,Notebook Pro,3,0.0,4496.88,13490.64,4690.56,0.3477,-26.07078,-49.58033,2025-11
9137,2025-04-26,RJ,Loja Física,Acessórios,Teclado Mecânico,2,0.0509,397.4,794.8,335.1,0.4216,-22.82782,-42.87094,2025-04
9138,2025-08-06,SC,Online,Informática,Notebook Pro,5,0.0171,4000.31,20001.55,3766.5,0.1883,-28.10481,-47.90554,2025-08
9139,2025-06-12,SP,App,Acessórios,Teclado Mecânico,2,0.0522,342.55,685.1,230.56,0.3365,-24.33723,-47.07698,2025-06
9140,2025-11-03,GO,Loja Física,Acessórios,Headset Pro,3,0.0836,293.24,879.72,328.92,0.3739,-16.78311,-49.35998,2025-11
9141,2025-03-30,GO,App,Telefonia,Smartphone X,2,0.1061,2316.84,4633.68,394.0,0.085,-15.89042,-48.82879,2025-03
9142,2025-10-12,SP,App,Informática,Monitor 27,5,0.1009,1288.66,6443.3,1394.45,0.2164,-23.3781,-46.44106,2025-10
9143,2025-04-14,CE,App,Informática,Notebook Pro,6,0.0324,4751.68,28510.08,9540.24,0.3346,-3.6104,-38.36916,2025-04
9144,2025-02-16,RS,Marketplace,Móveis,Mesa Compacta,3,0.1278,627.43,1882.29,281.04,0.1493,-30.11601,-51.18326,2025-02
9145,2025-10-05,GO,App,Móveis,Mesa Compacta,4,0.0979,724.96,2899.84,715.92,0.2469,-16.46139,-49.00988,2025-10
9146,2025-03-27,RS,App,Informática,Notebook Pro,4,0.0606,3934.79,15739.16,3187.6,0.2025,-29.94153,-51.11793,2025-03
9147,2025-04-27,MG,Marketplace,Acessórios,Headset Pro,4,0.1094,285.18,1140.72,344.52,0.302,-19.29978,-43.45442,2025-04
9148,2025-11-29,CE,Loja Física,Informática,Monitor 27,3,0.1075,1301.79,3905.37,960.09,0.2458,-3.90332,-38.91519,2025-11
9149,2025-07-12,CE,Marketplace,Acessórios,Teclado Mecânico,3,0.0293,367.21,1101.63,420.03,0.3813,-4.34185,-38.52897,2025-07
9150,2025-11-13,PE,Online,Informática,Notebook Pro,5,0.1109,4137.56,20687.8,3233.4,0.1563,-8.51274,-34.55056,2025-11
9151,2025-05-01,BA,Marketplace,Informática,Notebook Pro,1,0.0539,4117.25,4117.25,802.24,0.1948,-13.22011,-38.12683,2025-05
9152,2025-08-03,SP,Marketplace,Telefonia,Smartphone X,4,0.0927,2449.49,9797.96,1658.28,0.1692,-23.32827,-47.38747,2025-08
9153,2025-01-07,PR,Marketplace,Informática,Monitor 27,4,0.1482,1245.11,4980.44,1030.28,0.2069,-25.47057,-49.09722,2025-01
9154,2025-01-24,BA,Online,Informática,Monitor 27,2,0.0829,1613.11,3226.22,1224.92,0.3797,-13.1831,-39.0916,2025-01
9155,2025-02-21,SC,Marketplace,Acessórios,Headset Pro,5,0.1158,297.5,1487.5,406.0,0.2729,-27.13074,-48.87029,2025-02
9156,2025-02-28,MG,App,Acessórios,Headset Pro,3,0.0781,284.69,854.07,292.5,0.3425,-19.56124,-43.83154,2025-02
9157,2025-10-07,PR,Marketplace,Telefonia,Smartphone X,3,0.0929,2513.91,7541.73,1616.7,0.2144,-25.63866,-49.09124,2025-10
9158,2025-11-15,PR,Marketplace,Telefonia,Smartphone X,6,0.025,2684.6,16107.6,3208.44,0.1992,-25.75164,-49.13311,2025-11
9159,2025-05-05,SC,App,Informática,Monitor 27,7,0.0176,1487.03,10409.21,2787.75,0.2678,-27.26947,-48.27599,2025-05
9160,2025-08-06,SC,Online,Informática,Monitor 27,3,0.0548,1357.49,4072.47,932.52,0.229,-27.38043,-48.31063,2025-08
9161,2025-08-10,BA,Online,Informática,Notebook Pro,1,0.0466,3846.7,3846.7,918.58,0.2388,-12.66445,-38.82381,2025-08
9162,2025-08-24,SP,Loja Física,Informática,Notebook Pro,1,0.0767,3648.33,3648.33,441.63,0.121,-23.85004,-46.42737,2025-08
9163,2025-02-24,BA,Loja Física,Acessórios,Teclado Mecânico,2,0.071,336.15,672.3,200.88,0.2988,-12.60721,-38.31428,2025-02
9164,2025-02-14,BA,Online,Acessórios,Teclado Mecânico,6,0.0854,370.13,2220.78,877.32,0.3951,-12.84642,-38.52694,2025-02
9165,2025-01-12,MG,Marketplace,Móveis,Cadeira Office,3,0.1128,948.23,2844.69,850.8,0.2991,-19.85783,-44.13914,2025-01
9166,2025-03-02,RJ,Online,Acessórios,Headset Pro,7,0.0417,304.1,2128.7,802.55,0.377,-22.8103,-43.71488,2025-03
9167,2025-02-14,SP,Online,Acessórios,Teclado Mecânico,5,0.046,364.83,1824.15,696.65,0.3819,-23.37973,-47.0335,2025-02
9168,2025-11-10,CE,Online,Acessórios,Teclado Mecânico,6,0.107,345.84,2075.04,636.78,0.3069,-3.71,-38.5449,2025-11
9169,2025-04-28,BA,App,Móveis,Mesa Compacta,3,0.0637,692.64,2077.92,486.75,0.2342,-13.56206,-38.38649,2025-04
9170,2025-03-28,GO,App,Acessórios,Teclado Mecânico,5,0.0183,386.68,1933.4,713.8,0.3692,-16.62344,-48.92693,2025-03
9171,2025-06-12,SC,Online,Acessórios,Headset Pro,5,0.0618,304.13,1520.65,595.55,0.3916,-28.27136,-48.46145,2025-06
9172,2025-11-11,MG,Marketplace,Telefonia,Smartphone X,8,0.08,2633.14,21065.12,5541.04,0.263,-20.18923,-44.17646,2025-11
9173,2025-12-08,PR,Online,Móveis,Cadeira Office,4,0.0583,978.01,3912.04,1341.84,0.343,-25.4853,-48.93899,2025-12
9174,2025-05-30,SP,Marketplace,Informática,Monitor 27,3,0.1411,1315.44,3946.32,905.01,0.2293,-23.84465,-46.70113,2025-05
9175,2025-11-18,CE,App,Acessórios,Teclado Mecânico,1,0.0866,373.02,373.02,137.87,0.3696,-4.04869,-38.31971,2025-11
9176,2025-12-08,RJ,Loja Física,Telefonia,Smartphone X,6,0.0672,2550.84,15305.04,2869.14,0.1875,-22.4423,-42.48765,2025-12
9177,2025-12-16,MG,Loja Física,Informática,Monitor 27,5,0.1123,1286.55,6432.75,1544.0,0.24,-19.7187,-44.03211,2025-12
9178,2025-07-03,RS,Marketplace,Acessórios,Mouse Gamer,4,0.0927,197.62,790.48,362.64,0.4588,-29.37615,-51.63701,2025-07
9179,2025-11-23,GO,App,Informática,Notebook Pro,2,0.1079,4376.13,8752.26,2260.86,0.2583,-17.00683,-49.43729,2025-11
9180,2025-04-12,GO,App,Informática,Notebook Pro,3,0.0815,3986.19,11958.57,3124.8,0.2613,-16.43435,-49.82593,2025-04
9181,2025-07-22,CE,Loja Física,Móveis,Cadeira Office,1,0.1321,873.77,873.77,187.53,0.2146,-3.99658,-38.64834,2025-07
9182,2025-07-26,SP,Marketplace,Informática,Monitor 27,8,0.1235,1286.76,10294.08,1595.76,0.155,-23.55533,-46.50749,2025-07
9183,2025-08-25,RS,App,Acessórios,Teclado Mecânico,1,0.0306,387.68,387.68,160.4,0.4137,-29.73783,-51.48777,2025-08
9184,2025-02-15,GO,Online,Móveis,Mesa Compacta,1,0.0207,666.8,666.8,131.38,0.197,-15.7682,-49.08884,2025-02
9185,2025-08-01,RS,App,Acessórios,Teclado Mecânico,1,0.045,354.06,354.06,120.87,0.3414,-30.18261,-51.49546,2025-08
9186,2025-08-02,MG,Loja Física,Acessórios,Teclado Mecânico,6,0.0796,369.44,2216.64,885.12,0.3993,-20.12386,-43.99076,2025-08
9187,2025-07-01,GO,Marketplace,Móveis,Mesa Compacta,7,0.1288,676.07,4732.49,850.64,0.1797,-16.98489,-49.41613,2025-07
9188,2025-08-13,RJ,Online,Informática,Monitor 27,1,0.0544,1414.74,1414.74,406.16,0.2871,-22.91565,-42.67917,2025-08
9189,2025-11-25,RS,App,Móveis,Cadeira Office,4,0.0033,995.09,3980.36,1268.2,0.3186,-30.62344,-51.25514,2025-11
9190,2025-07-12,RS,Marketplace,Acessórios,Headset Pro,3,0.0889,284.12,852.36,248.85,0.292,-30.40294,-51.08718,2025-07
9191,2025-06-09,MG,App,Informática,Monitor 27,4,0.0588,1455.12,5820.48,1937.2,0.3328,-20.02441,-43.33467,2025-06
9192,2025-04-30,MG,Loja Física,Telefonia,Smartphone X,1,0.0258,2464.61,2464.61,373.44,0.1515,-19.82501,-44.82146,2025-04
9193,2025-08-22,PR,Marketplace,Móveis,Mesa Compacta,5,0.0569,646.28,3231.4,1044.25,0.3232,-25.4551,-49.50261,2025-08
9194,2025-08-23,BA,Loja Física,Acessórios,Headset Pro,2,0.0638,334.56,669.12,285.12,0.4261,-13.14464,-38.73135,2025-08
9195,2025-02-23,SC,Online,Acessórios,Teclado Mecânico,6,0.0769,402.93,2417.58,956.76,0.3958,-27.65885,-48.25722,2025-02
9196,2025-08-30,RJ,Loja Física,Acessórios,Mouse Gamer,5,0.0157,194.32,971.6,425.3,0.4377,-23.04607,-42.85038,2025-08
9197,2025-07-29,RS,App,Móveis,Cadeira Office,2,0.0958,937.65,1875.3,618.3,0.3297,-30.21906,-51.07073,2025-07
9198,2025-09-08,RS,Marketplace,Informática,Monitor 27,3,0.0531,1460.6,4381.8,1058.34,0.2415,-30.03539,-51.2775,2025-09
9199,2025-03-09,GO,Marketplace,Acessórios,Teclado Mecânico,5,0.0907,354.71,1773.55,593.15,0.3344,-16.61249,-49.35241,2025-03
9200,2025-12-15,RS,Marketplace,Acessórios,Headset Pro,8,0.1005,299.39,2395.12,866.32,0.3617,-29.66926,-51.0349,2025-12
9201,2025-06-03,BA,Loja Física,Informática,Monitor 27,1,0.0636,1238.2,1238.2,189.61,0.1531,-13.46511,-37.97788,2025-06
9202,2025-02-09,CE,Marketplace,Informática,Notebook Pro,3,0.1594,3308.69,9926.07,872.37,0.0879,-3.68745,-37.94528,2025-02
9203,2025-04-23,CE,Online,Informática,Monitor 27,1,0.0631,1363.68,1363.68,317.79,0.233,-4.10366,-39.26048,2025-04
9204,2025-09-27,RS,Online,Informática,Notebook Pro,2,0.0272,4244.45,8488.9,1590.2,0.1873,-30.15134,-51.61425,2025-09
9205,2025-07-30,RJ,Loja Física,Informática,Monitor 27,2,0.104,1526.68,3053.36,934.32,0.306,-22.49365,-44.00008,2025-07
9206,2025-05-08,CE,Loja Física,Acessórios,Headset Pro,3,0.0,298.15,894.45,302.58,0.3383,-3.9955,-39.1215,2025-05
9207,2025-12-27,CE,Loja Física,Acessórios,Teclado Mecânico,3,0.126,352.04,1056.12,392.67,0.3718,-4.16913,-39.0644,2025-12
9208,2025-04-16,CE,App,Móveis,Mesa Compacta,3,0.0372,687.04,2061.12,458.19,0.2223,-3.92624,-38.51828,2025-04
9209,2025-10-31,RS,App,Acessórios,Mouse Gamer,3,0.0289,208.18,624.54,282.0,0.4515,-30.71891,-51.19128,2025-10
9210,2025-01-16,SC,App,Acessórios,Headset Pro,5,0.0655,294.43,1472.15,485.35,0.3297,-27.75889,-48.61489,2025-01
9211,2025-06-26,RS,App,Acessórios,Headset Pro,3,0.0663,280.64,841.92,212.73,0.2527,-30.12963,-51.46249,2025-06
9212,2025-02-26,SC,Marketplace,Acessórios,Headset Pro,4,0.0932,284.55,1138.2,401.28,0.3526,-26.91534,-48.03774,2025-02
9213,2025-11-27,PR,Marketplace,Informática,Notebook Pro,5,0.0149,4179.34,20896.7,4844.05,0.2318,-24.8633,-48.98375,2025-11
9214,2025-12-06,RJ,Loja Física,Acessórios,Headset Pro,4,0.0516,304.18,1216.72,475.92,0.3911,-23.22955,-43.23027,2025-12
9215,2025-11-26,GO,Online,Móveis,Mesa Compacta,2,0.0273,702.82,1405.64,358.96,0.2554,-16.17441,-49.14958,2025-11
9216,2025-08-14,SP,Marketplace,Móveis,Cadeira Office,6,0.1684,790.78,4744.68,545.04,0.1149,-23.12258,-46.44085,2025-08
9217,2025-09-21,RJ,Online,Telefonia,Smartphone X,6,0.0652,2837.52,17025.12,3158.22,0.1855,-23.51391,-43.35684,2025-09
9218,2025-04-20,GO,App,Informática,Notebook Pro,2,0.0472,4285.54,8571.08,2207.08,0.2575,-16.9539,-48.80605,2025-04
9219,2025-04-20,GO,App,Acessórios,Mouse Gamer,2,0.0552,187.71,375.42,116.82,0.3112,-16.3925,-49.14896,2025-04
9220,2025-12-05,PR,Marketplace,Informática,Monitor 27,7,0.0105,1454.9,10184.3,2812.74,0.2762,-24.94658,-49.81511,2025-12
9221,2025-01-25,GO,Online,Acessórios,Headset Pro,3,0.0739,317.22,951.66,355.2,0.3732,-16.98875,-48.90072,2025-01
9222,2025-08-23,MG,Online,Telefonia,Smartphone X,4,0.0223,2570.32,10281.28,1472.6,0.1432,-19.69952,-43.82887,2025-08
9223,2025-06-18,RJ,Online,Acessórios,Mouse Gamer,4,0.0469,199.27,797.08,278.28,0.3491,-23.45896,-43.04472,2025-06
9224,2025-11-19,CE,Online,Acessórios,Mouse Gamer,6,0.0973,194.62,1167.72,497.34,0.4259,-4.17953,-38.75337,2025-11
9225,2025-07-14,BA,Marketplace,Acessórios,Headset Pro,1,0.1014,278.08,278.08,78.46,0.2821,-12.60912,-38.07785,2025-07
9226,2025-01-09,RS,Marketplace,Informática,Notebook Pro,8,0.0612,3874.36,30994.88,6540.16,0.211,-29.94648,-51.61028,2025-01
9227,2025-11-18,RS,App,Acessórios,Headset Pro,4,0.0546,333.09,1332.36,629.56,0.4725,-30.35136,-51.16114,2025-11
9228,2025-08-02,SC,Online,Acessórios,Teclado Mecânico,3,0.0785,352.89,1058.67,382.32,0.3611,-27.51869,-48.09918,2025-08
9229,2025-10-09,RS,Loja Física,Acessórios,Teclado Mecânico,2,0.051,386.84,773.68,315.88,0.4083,-29.8625,-50.44448,2025-10
9230,2025-12-27,MG,Marketplace,Informática,Monitor 27,4,0.1559,1257.9,5031.6,757.12,0.1505,-19.94724,-43.55462,2025-12
9231,2025-05-16,GO,Online,Acessórios,Headset Pro,2,0.0837,293.83,587.66,214.08,0.3643,-16.754,-48.83377,2025-05
9232,2025-01-28,RJ,Marketplace,Acessórios,Headset Pro,4,0.0683,289.0,1156.0,403.32,0.3489,-23.12875,-43.27116,2025-01
9233,2025-04-08,BA,Online,Móveis,Mesa Compacta,4,0.0391,687.92,2751.68,649.0,0.2359,-13.18627,-38.59153,2025-04
9234,2025-10-17,RS,Online,Acessórios,Headset Pro,4,0.1604,275.41,1101.64,357.92,0.3249,-30.07691,-51.11488,2025-10
9235,2025-10-10,SC,Online,Móveis,Cadeira Office,3,0.0511,1053.84,3161.52,1233.9,0.3903,-27.17097,-47.73375,2025-10
9236,2025-06-22,RS,Marketplace,Telefonia,Smartphone X,4,0.1766,2432.37,9729.48,1215.76,0.125,-30.01198,-50.32709,2025-06
9237,2025-04-08,PE,Online,Acessórios,Teclado Mecânico,4,0.0989,380.75,1523.0,524.52,0.3444,-7.65148,-34.85919,2025-04
9238,2025-10-20,PE,Loja Física,Móveis,Cadeira Office,3,0.1131,886.96,2660.88,588.93,0.2213,-7.8808,-34.62604,2025-10
9239,2025-02-15,SC,Marketplace,Acessórios,Mouse Gamer,1,0.0981,200.41,200.41,87.44,0.4363,-27.24817,-48.18742,2025-02
9240,2025-02-03,RJ,Online,Móveis,Mesa Compacta,5,0.077,646.69,3233.45,576.45,0.1783,-22.69986,-43.48366,2025-02
9241,2025-11-10,PE,Loja Física,Móveis,Mesa Compacta,3,0.0529,664.83,1994.49,492.51,0.2469,-7.72841,-35.16836,2025-11
9242,2025-03-29,RJ,Marketplace,Acessórios,Mouse Gamer,6,0.1349,163.71,982.26,285.9,0.2911,-23.15464,-43.00826,2025-03
9243,2025-04-24,PR,Online,Informática,Monitor 27,2,0.0,1486.92,2973.84,947.3,0.3185,-25.71053,-49.08162,2025-04
9244,2025-12-27,BA,Loja Física,Acessórios,Mouse Gamer,6,0.0,219.23,1315.38,579.78,0.4408,-12.84939,-38.5465,2025-12
9245,2025-09-12,BA,App,Telefonia,Smartphone X,3,0.0899,2410.17,7230.51,1011.63,0.1399,-13.15089,-38.42024,2025-09
9246,2025-11-14,RS,App,Telefonia,Smartphone X,5,0.1188,2380.64,11903.2,874.55,0.0735,-30.08985,-51.16115,2025-11
9247,2025-01-14,RS,Online,Acessórios,Mouse Gamer,3,0.1196,183.43,550.29,201.72,0.3666,-29.4099,-51.79904,2025-01
9248,2025-02-06,BA,App,Acessórios,Mouse Gamer,3,0.0466,205.43,616.29,231.9,0.3763,-12.79768,-37.95005,2025-02
9249,2025-03-01,GO,App,Acessórios,Mouse Gamer,1,0.1531,174.05,174.05,57.63,0.3311,-16.57734,-49.03928,2025-03
9250,2025-05-22,PR,Loja Física,Acessórios,Headset Pro,5,0.0786,318.09,1590.45,711.95,0.4476,-25.2384,-49.02827,2025-05
9251,2025-07-05,PE,Marketplace,Acessórios,Teclado Mecânico,4,0.1448,339.08,1356.32,402.76,0.297,-7.5948,-34.68325,2025-07
9252,2025-03-08,PR,Online,Telefonia,Smartphone X,4,0.033,2927.48,11709.92,3296.72,0.2815,-25.14439,-48.64404,2025-03
9253,2025-05-28,BA,App,Informática,Notebook Pro,6,0.0,4343.06,26058.36,6083.94,0.2335,-13.58693,-38.0333,2025-05
9254,2025-05-22,CE,Loja Física,Informática,Monitor 27,4,0.122,1328.58,5314.32,1188.48,0.2236,-3.76784,-38.03101,2025-05
9255,2025-10-22,MG,App,Acessórios,Teclado Mecânico,4,0.0826,347.92,1391.68,456.2,0.3278,-19.80685,-43.68789,2025-10
9256,2025-12-13,SP,Loja Física,Informática,Monitor 27,6,0.0656,1413.54,8481.24,2135.94,0.2518,-23.47766,-46.51471,2025-12
9257,2025-06-25,RS,Marketplace,Informática,Monitor 27,3,0.0986,1387.0,4161.0,1243.53,0.2989,-30.29274,-51.17896,2025-06
9258,2025-01-29,PE,Loja Física,Telefonia,Smartphone X,2,0.1242,2417.27,4834.54,1050.88,0.2174,-7.699,-35.04394,2025-01
9259,2025-03-10,PR,Marketplace,Móveis,Cadeira Office,2,0.0806,920.52,1841.04,477.44,0.2593,-25.39549,-48.08655,2025-03
9260,2025-07-02,PE,Marketplace,Acessórios,Mouse Gamer,4,0.1206,162.34,649.36,187.44,0.2887,-7.92978,-33.97143,2025-07
9261,2025-01-12,GO,Loja Física,Móveis,Cadeira Office,1,0.1499,792.23,792.23,-39.07,-0.0493,-16.47399,-49.36345,2025-01
9262,2025-03-22,PE,Online,Informática,Monitor 27,5,0.0591,1402.06,7010.3,1670.35,0.2383,-8.45705,-34.02772,2025-03
9263,2025-12-31,SP,Marketplace,Acessórios,Headset Pro,6,0.0865,278.22,1669.32,477.78,0.2862,-23.0099,-47.25647,2025-12
9264,2025-02-08,MG,Loja Física,Móveis,Mesa Compacta,4,0.0136,728.61,2914.44,-247.08,-0.0848,-20.08747,-43.79085,2025-02
9265,2025-01-03,SC,Online,Informática,Monitor 27,3,0.0223,1593.17,4779.51,1773.12,0.371,-27.15382,-48.13896,2025-01
9266,2025-02-03,PR,App,Acessórios,Headset Pro,1,0.0816,300.86,300.86,101.71,0.3381,-24.76876,-49.50482,2025-02
9267,2025-07-30,SC,Marketplace,Telefonia,Smartphone X,5,0.1117,2384.84,11924.2,-254.9,-0.0214,-28.00497,-48.82907,2025-07
9268,2025-06-08,SP,Loja Física,Informática,Monitor 27,3,0.1292,1334.64,4003.92,867.36,0.2166,-23.88756,-46.50612,2025-06
9269,2025-11-09,RJ,Loja Física,Móveis,Cadeira Office,3,0.0392,957.63,2872.89,725.91,0.2527,-22.87624,-42.94675,2025-11
9270,2025-05-27,SP,Online,Móveis,Cadeira Office,3,0.0735,817.3,2451.9,277.5,0.1132,-23.38965,-46.67985,2025-05
9271,2025-03-29,CE,Online,Móveis,Cadeira Office,5,0.0221,876.97,4384.85,862.1,0.1966,-3.27659,-39.22618,2025-03
9272,2025-06-11,RJ,Loja Física,Acessórios,Mouse Gamer,2,0.0551,205.84,411.68,144.58,0.3512,-23.13727,-42.79352,2025-06
9273,2025-09-09,BA,Online,Acessórios,Mouse Gamer,4,0.1314,172.16,688.64,188.64,0.2739,-13.40282,-38.62721,2025-09
9274,2025-12-19,PE,Loja Física,Acessórios,Teclado Mecânico,4,0.0174,397.0,1588.0,584.6,0.3681,-7.46159,-34.75946,2025-12
9275,2025-04-21,GO,Online,Móveis,Cadeira Office,5,0.1054,828.9,4144.5,530.95,0.1281,-17.0958,-49.10926,2025-04
9276,2025-03-27,BA,App,Móveis,Mesa Compacta,3,0.0365,728.29,2184.87,761.67,0.3486,-12.8177,-39.57785,2025-03
9277,2025-01-23,PE,Marketplace,Acessórios,Teclado Mecânico,4,0.0688,344.8,1379.2,416.6,0.3021,-8.78747,-34.82647,2025-01
9278,2025-11-18,CE,Marketplace,Acessórios,Teclado Mecânico,4,0.0665,367.46,1469.84,552.72,0.376,-4.07045,-38.20871,2025-11
9279,2025-02-04,GO,Online,Acessórios,Mouse Gamer,3,0.0527,200.9,602.7,229.47,0.3807,-16.19368,-49.39366,2025-02
9280,2025-02-15,SC,Online,Telefonia,Smartphone X,2,0.0419,2646.83,5293.66,1230.28,0.2324,-27.82397,-48.84254,2025-02
9281,2025-06-29,RS,Marketplace,Acessórios,Headset Pro,4,0.1611,265.33,1061.32,241.48,0.2275,-30.59726,-51.65359,2025-06
9282,2025-06-04,SC,App,Informática,Notebook Pro,2,0.0198,4087.44,8174.88,2145.9,0.2625,-26.98631,-48.41717,2025-06
9283,2025-05-18,MG,App,Informática,Notebook Pro,2,0.057,4031.23,8062.46,2083.96,0.2585,-20.46441,-44.34775,2025-05
9284,2025-06-27,RS,Online,Móveis,Mesa Compacta,5,0.0898,739.75,3698.75,959.5,0.2594,-29.72283,-50.37954,2025-06
9285,2025-12-05,MG,Loja Física,Telefonia,Smartphone X,5,0.0213,2963.58,14817.9,4261.55,0.2876,-20.02098,-44.15227,2025-12
9286,2025-07-27,MG,Loja Física,Acessórios,Headset Pro,3,0.1205,275.19,825.57,264.78,0.3207,-20.50688,-43.90894,2025-07
9287,2025-05-13,SC,Online,Acessórios,Mouse Gamer,3,0.0,213.3,639.9,271.38,0.4241,-27.95934,-48.70648,2025-05
9288,2025-09-04,RJ,Loja Física,Informática,Monitor 27,5,0.1396,1270.26,6351.3,1397.85,0.2201,-23.04632,-43.28986,2025-09
9289,2025-07-23,RS,Loja Física,Acessórios,Teclado Mecânico,3,0.1103,351.63,1054.89,373.74,0.3543,-30.08221,-51.28854,2025-07
9290,2025-03-11,GO,Loja Física,Informática,Notebook Pro,3,0.042,4598.28,13794.84,5209.92,0.3777,-16.50913,-48.47332,2025-03
9291,2025-11-08,PR,Marketplace,Acessórios,Headset Pro,6,0.088,304.56,1827.36,634.02,0.347,-25.34137,-48.63813,2025-11
9292,2025-10-27,BA,Loja Física,Móveis,Mesa Compacta,1,0.1256,661.86,661.86,113.14,0.1709,-12.95226,-38.60861,2025-10
9293,2025-07-01,RJ,Online,Acessórios,Headset Pro,2,0.1156,290.86,581.72,177.54,0.3052,-22.73191,-42.6837,2025-07
9294,2025-10-11,BA,Online,Acessórios,Teclado Mecânico,3,0.0543,347.7,1043.1,341.07,0.327,-12.98681,-38.37941,2025-10
9295,2025-09-09,SP,App,Móveis,Mesa Compacta,4,0.0831,692.49,2769.96,821.36,0.2965,-23.19772,-46.90186,2025-09
9296,2025-10-21,RJ,Loja Física,Acessórios,Mouse Gamer,1,0.0,206.33,206.33,85.54,0.4146,-22.95012,-42.89594,2025-10
9297,2025-01-10,RJ,Marketplace,Móveis,Cadeira Office,3,0.0451,970.71,2912.13,751.02,0.2579,-22.76464,-43.20524,2025-01
9298,2025-02-25,SC,App,Móveis,Cadeira Office,1,0.0909,875.24,875.24,141.28,0.1614,-27.52576,-48.6391,2025-02
9299,2025-07-10,RS,App,Acessórios,Mouse Gamer,5,0.0941,196.77,983.85,409.7,0.4164,-30.04164,-51.14529,2025-07
9300,2025-12-09,GO,Loja Física,Acessórios,Mouse Gamer,4,0.1064,185.83,743.32,233.64,0.3143,-16.24199,-49.23309,2025-12
9301,2025-10-07,PE,Marketplace,Acessórios,Mouse Gamer,3,0.0667,192.17,576.51,221.43,0.3841,-7.82615,-34.63153,2025-10
9302,2025-07-13,MG,Online,Acessórios,Teclado Mecânico,3,0.0074,360.51,1081.53,402.66,0.3723,-19.40519,-43.80271,2025-07
9303,2025-04-30,RJ,App,Informática,Monitor 27,6,0.1397,1348.09,8088.54,2403.96,0.2972,-23.95505,-43.14181,2025-04
9304,2025-05-29,CE,App,Móveis,Cadeira Office,1,0.037,948.44,948.44,279.0,0.2942,-3.6024,-38.83725,2025-05
9305,2025-04-14,RS,App,Móveis,Cadeira Office,2,0.0984,840.0,1680.0,318.6,0.1896,-30.35003,-51.40185,2025-04
9306,2025-09-26,SC,Online,Acessórios,Headset Pro,3,0.023,274.03,822.09,224.19,0.2727,-27.07958,-48.51553,2025-09
9307,2025-08-25,RJ,Online,Acessórios,Headset Pro,9,0.116,299.43,2694.87,1096.56,0.4069,-22.97536,-43.20598,2025-08
9308,2025-04-21,BA,Marketplace,Acessórios,Mouse Gamer,2,0.1872,155.11,310.22,53.92,0.1738,-12.98944,-38.23924,2025-04
9309,2025-05-06,RS,Online,Móveis,Cadeira Office,4,0.0049,951.67,3806.68,1158.12,0.3042,-29.84814,-50.56639,2025-05
9310,2025-05-24,PE,App,Acessórios,Mouse Gamer,3,0.1237,177.52,532.56,173.04,0.3249,-7.85433,-35.48676,2025-05
9311,2025-12-03,RS,Online,Telefonia,Smartphone X,6,0.0896,2693.03,16158.18,3493.68,0.2162,-30.45074,-51.0508,2025-12
9312,2025-10-14,GO,App,Móveis,Mesa Compacta,2,0.0896,672.35,1344.7,373.54,0.2778,-16.90531,-49.8275,2025-10
9313,2025-08-17,RJ,App,Acessórios,Mouse Gamer,4,0.13,177.46,709.84,244.52,0.3445,-23.08054,-42.89348,2025-08
9314,2025-10-20,PR,App,Acessórios,Mouse Gamer,5,0.0786,179.68,898.4,268.25,0.2986,-25.30906,-48.7984,2025-10
9315,2025-02-22,PE,Loja Física,Telefonia,Smartphone X,4,0.0322,2695.22,10780.88,2231.56,0.207,-8.32675,-34.77062,2025-02
9316,2025-02-24,RS,Marketplace,Acessórios,Teclado Mecânico,3,0.1406,314.62,943.86,313.26,0.3319,-30.19049,-51.06533,2025-02
9317,2025-01-18,SC,App,Móveis,Mesa Compacta,3,0.0,784.25,2352.75,851.61,0.362,-27.77767,-48.59998,2025-01
9318,2025-12-01,RS,Loja Física,Informática,Monitor 27,3,0.054,1470.27,4410.81,1464.24,0.332,-30.23,-51.27675,2025-12
9319,2025-07-29,SP,Online,Móveis,Mesa Compacta,4,0.0028,758.96,3035.84,968.08,0.3189,-23.35021,-46.4396,2025-07
9320,2025-02-18,CE,App,Informática,Notebook Pro,2,0.0659,3928.95,7857.9,1749.22,0.2226,-3.66334,-37.75766,2025-02
9321,2025-04-02,RS,App,Acessórios,Mouse Gamer,6,0.0682,190.72,1144.32,443.94,0.388,-30.03252,-50.56078,2025-04
9322,2025-09-09,GO,App,Acessórios,Mouse Gamer,2,0.0248,197.39,394.78,144.84,0.3669,-16.4684,-49.28322,2025-09
9323,2025-12-05,MG,Online,Informática,Notebook Pro,6,0.1027,3763.26,22579.56,5015.94,0.2221,-20.19012,-44.37736,2025-12
9324,2025-11-05,CE,App,Informática,Monitor 27,4,0.0807,1308.94,5235.76,852.48,0.1628,-3.90554,-38.30758,2025-11
9325,2025-03-07,RJ,App,Móveis,Cadeira Office,4,0.1457,817.03,3268.12,361.6,0.1106,-22.99931,-43.4508,2025-03
9326,2025-11-19,RS,Loja Física,Acessórios,Teclado Mecânico,7,0.0177,393.39,2753.73,1082.34,0.393,-30.62305,-51.21401,2025-11
9327,2025-11-10,CE,Online,Móveis,Mesa Compacta,4,0.0425,708.74,2834.96,637.8,0.225,-3.32085,-38.89543,2025-11
9328,2025-02-26,MG,App,Informática,Monitor 27,4,0.047,1436.81,5747.24,1282.0,0.2231,-19.86847,-43.73383,2025-02
9329,2025-11-12,CE,Loja Física,Móveis,Mesa Compacta,2,0.0132,703.49,1406.98,312.36,0.222,-3.83928,-38.8457,2025-11
9330,2025-11-10,PR,App,Telefonia,Smartphone X,4,0.0501,2614.71,10458.84,2085.92,0.1994,-25.76818,-49.38774,2025-11
9331,2025-05-22,SP,Marketplace,Acessórios,Mouse Gamer,1,0.1301,201.16,201.16,77.47,0.3851,-23.85418,-46.44255,2025-05
9332,2025-03-14,PR,Online,Móveis,Cadeira Office,2,0.0599,987.98,1975.96,633.32,0.3205,-25.14879,-49.21231,2025-03
9333,2025-02-23,CE,Online,Informática,Monitor 27,4,0.0104,1679.78,6719.12,2300.64,0.3424,-4.71146,-38.02166,2025-02
9334,2025-02-14,SP,Online,Acessórios,Headset Pro,7,0.0789,300.84,2105.88,765.03,0.3633,-23.55268,-46.90063,2025-02
9335,2025-01-04,MG,Marketplace,Telefonia,Smartphone X,6,0.1494,2304.08,13824.48,1792.44,0.1297,-19.22961,-43.97021,2025-01
9336,2025-11-15,MG,Loja Física,Acessórios,Teclado Mecânico,6,0.0084,378.46,2270.76,836.7,0.3685,-19.93695,-44.3375,2025-11
9337,2025-01-02,PR,Online,Acessórios,Headset Pro,3,0.1168,271.18,813.54,-65.91,-0.081,-25.67811,-49.38311,2025-01
9338,2025-11-19,MG,Marketplace,Acessórios,Teclado Mecânico,8,0.0746,378.17,3025.36,1273.2,0.4208,-19.80874,-43.42743,2025-11
9339,2025-07-14,BA,App,Acessórios,Teclado Mecânico,4,0.1122,346.22,1384.88,438.68,0.3168,-13.38097,-38.66858,2025-07
9340,2025-04-04,MG,Online,Informática,Monitor 27,4,0.0759,1297.52,5190.08,876.84,0.1689,-20.76558,-43.59639,2025-04
9341,2025-06-10,SP,App,Acessórios,Headset Pro,1,0.0607,294.9,294.9,118.61,0.4022,-24.22558,-46.78615,2025-06
9342,2025-05-19,SP,Marketplace,Acessórios,Teclado Mecânico,7,0.0589,374.93,2624.51,1028.51,0.3919,-23.39013,-46.83983,2025-05
9343,2025-04-12,CE,Loja Física,Acessórios,Headset Pro,5,0.0641,286.94,1434.7,518.55,0.3614,-3.60376,-38.36628,2025-04
9344,2025-04-20,GO,Loja Física,Telefonia,Smartphone X,2,0.0923,2398.42,4796.84,1023.04,0.2133,-16.76825,-49.36828,2025-04
9345,2025-05-07,MG,Loja Física,Telefonia,Smartphone X,3,0.0739,2753.74,8261.22,2664.45,0.3225,-20.13962,-43.87829,2025-05
9346,2025-05-10,BA,Loja Física,Acessórios,Mouse Gamer,4,0.0029,222.07,888.28,421.52,0.4745,-13.26605,-38.14796,2025-05
9347,2025-01-13,GO,Online,Telefonia,Smartphone X,3,0.0251,2852.09,8556.27,2727.27,0.3187,-16.16157,-49.31321,2025-01
9348,2025-06-20,MG,Marketplace,Telefonia,Smartphone X,6,0.1491,2131.77,12790.62,369.24,0.0289,-19.31825,-43.63152,2025-06
9349,2025-06-04,GO,App,Telefonia,Smartphone X,4,0.0421,2669.19,10676.76,2058.08,0.1928,-16.83255,-49.97336,2025-06
9350,2025-04-06,RS,Online,Informática,Notebook Pro,4,0.0119,4099.01,16396.04,3447.88,0.2103,-30.02062,-51.23484,2025-04
9351,2025-06-07,MG,App,Acessórios,Headset Pro,2,0.0743,305.57,611.14,298.88,0.4891,-19.88043,-43.83184,2025-06
9352,2025-02-03,MG,Online,Informática,Notebook Pro,7,0.083,4007.32,28051.24,7656.67,0.273,-19.27278,-43.72964,2025-02
9353,2025-12-18,SC,App,Informática,Notebook Pro,5,0.0367,4305.96,21529.8,6642.4,0.3085,-27.87658,-48.22879,2025-12
9354,2025-09-28,RJ,Marketplace,Acessórios,Mouse Gamer,5,0.0,207.66,1038.3,421.95,0.4064,-22.92565,-43.23387,2025-09
9355,2025-12-24,SP,App,Informática,Notebook Pro,6,0.0592,3987.48,23924.88,6296.88,0.2632,-23.11686,-47.53131,2025-12
9356,2025-03-03,SP,Online,Telefonia,Smartphone X,6,0.0,2764.82,16588.92,4495.74,0.271,-23.02523,-46.36706,2025-03
9357,2025-08-07,PE,App,Acessórios,Headset Pro,1,0.0064,289.22,289.22,106.64,0.3687,-8.23733,-34.47792,2025-08
9358,2025-12-09,MG,Online,Móveis,Cadeira Office,9,0.0,978.78,8809.02,2313.0,0.2626,-19.91268,-43.96356,2025-12
9359,2025-08-13,SP,App,Acessórios,Mouse Gamer,1,0.026,204.16,204.16,81.94,0.4014,-23.00034,-46.56611,2025-08
9360,2025-05-14,RS,Loja Física,Móveis,Mesa Compacta,5,0.1025,712.15,3560.75,928.65,0.2608,-30.60751,-51.03418,2025-05
9361,2025-05-21,SP,Marketplace,Acessórios,Teclado Mecânico,3,0.0255,359.54,1078.62,371.4,0.3443,-23.88155,-46.57161,2025-05
9362,2025-09-20,GO,Marketplace,Informática,Monitor 27,3,0.1307,1209.63,3628.89,508.74,0.1402,-16.37333,-49.87785,2025-09
9363,2025-01-10,RS,Online,Informática,Notebook Pro,2,0.0978,3554.87,7109.74,742.48,0.1044,-30.06898,-51.17238,2025-01
9364,2025-12-25,MG,App,Informática,Notebook Pro,3,0.0247,4235.56,12706.68,3302.28,0.2599,-20.10627,-43.37867,2025-12
9365,2025-09-14,BA,Online,Informática,Notebook Pro,5,0.1216,3808.01,19040.05,3466.65,0.1821,-13.9755,-38.53984,2025-09
9366,2025-11-27,SP,App,Informática,Notebook Pro,6,0.1264,3727.04,22362.24,2594.7,0.116,-23.20964,-46.5168,2025-11
9367,2025-11-02,RS,Online,Acessórios,Teclado Mecânico,7,0.0703,347.62,2433.34,872.83,0.3587,-29.74256,-51.605,2025-11
9368,2025-11-01,SC,App,Móveis,Cadeira Office,9,0.0244,938.34,8445.06,2797.74,0.3313,-27.85501,-49.01798,2025-11
9369,2025-03-23,BA,Loja Física,Móveis,Cadeira Office,4,0.0536,929.94,3719.76,1080.52,0.2905,-12.49949,-38.6247,2025-03
9370,2025-11-05,BA,Online,Acessórios,Headset Pro,3,0.001,293.42,880.26,276.18,0.3137,-13.05365,-38.9882,2025-11
9371,2025-12-01,PE,Marketplace,Acessórios,Teclado Mecânico,7,0.0493,351.3,2459.1,749.35,0.3047,-7.8752,-34.2884,2025-12
9372,2025-08-12,PE,App,Acessórios,Headset Pro,4,0.0263,308.09,1232.36,501.04,0.4066,-7.92169,-34.85008,2025-08
9373,2025-10-31,SC,Loja Física,Telefonia,Smartphone X,3,0.0892,2548.72,7646.16,1222.47,0.1599,-28.05075,-48.48243,2025-10
9374,2025-12-12,BA,App,Acessórios,Headset Pro,4,0.1089,265.83,1063.32,231.52,0.2177,-12.77552,-39.01254,2025-12
9375,2025-03-23,CE,Marketplace,Acessórios,Teclado Mecânico,5,0.127,355.59,1777.95,609.6,0.3429,-3.39014,-38.98337,2025-03
9376,2025-04-20,GO,Marketplace,Informática,Monitor 27,1,0.0914,1298.36,1298.36,233.43,0.1798,-16.8927,-48.81367,2025-04
9377,2025-06-12,MG,Marketplace,Informática,Monitor 27,5,0.166,1170.21,5851.05,629.0,0.1075,-19.30266,-43.6524,2025-06
9378,2025-03-27,CE,App,Informática,Monitor 27,3,0.0,1503.55,4510.65,1600.47,0.3548,-4.34251,-38.58311,2025-03
9379,2025-06-28,MG,App,Informática,Monitor 27,6,0.1018,1349.64,8097.84,1716.18,0.2119,-20.00487,-44.41495,2025-06
9380,2025-03-24,RJ,Marketplace,Informática,Notebook Pro,4,0.1223,3549.44,14197.76,2604.56,0.1834,-22.962,-43.48093,2025-03
9381,2025-09-28,PE,Loja Física,Informática,Notebook Pro,3,0.1411,3379.99,10139.97,191.34,0.0189,-7.79317,-34.75589,2025-09
9382,2025-07-01,RJ,App,Móveis,Mesa Compacta,2,0.0168,777.98,1555.96,395.98,0.2545,-23.44738,-43.84216,2025-07
9383,2025-12-05,GO,Marketplace,Informática,Notebook Pro,4,0.1061,4124.4,16497.6,4078.16,0.2472,-17.17555,-49.72667,2025-12
9384,2025-08-03,RS,Loja Física,Móveis,Mesa Compacta,4,0.029,711.32,2845.28,803.16,0.2823,-29.78007,-50.69158,2025-08
9385,2025-11-11,SC,App,Acessórios,Mouse Gamer,6,0.0863,182.6,1095.6,359.76,0.3284,-27.89464,-48.90457,2025-11
9386,2025-12-26,GO,Marketplace,Móveis,Mesa Compacta,3,0.033,728.31,2184.93,524.43,0.24,-16.87509,-49.42287,2025-12
9387,2025-11-09,PE,Online,Telefonia,Smartphone X,4,0.1141,2496.31,9985.24,1871.4,0.1874,-7.50216,-34.77664,2025-11
9388,2025-05-09,RJ,Online,Telefonia,Smartphone X,2,0.0128,3039.55,6079.1,1720.06,0.2829,-22.83173,-43.77901,2025-05
9389,2025-02-28,MG,App,Telefonia,Smartphone X,3,0.0863,2643.45,7930.35,1975.02,0.249,-20.28008,-44.62583,2025-02
9390,2025-11-23,CE,Loja Física,Informática,Notebook Pro,5,0.0791,4289.45,21447.25,4458.45,0.2079,-3.65767,-38.2913,2025-11
9391,2025-09-09,CE,App,Telefonia,Smartphone X,3,0.1279,2362.95,7088.85,804.78,0.1135,-4.05457,-38.89779,2025-09
9392,2025-08-15,SC,Loja Física,Acessórios,Mouse Gamer,8,0.1073,193.13,1545.04,493.76,0.3196,-27.81405,-49.02589,2025-08
9393,2025-09-09,GO,Loja Física,Informática,Monitor 27,5,0.0922,1226.04,6130.2,1160.15,0.1893,-16.70866,-49.50504,2025-09
9394,2025-12-31,RS,App,Móveis,Cadeira Office,4,0.0344,983.48,3933.92,1264.08,0.3213,-30.10993,-50.93857,2025-12
9395,2025-07-06,RS,Online,Telefonia,Smartphone X,3,0.0827,2637.83,7913.49,1418.85,0.1793,-29.78906,-51.02943,2025-07
9396,2025-12-24,SC,App,Acessórios,Teclado Mecânico,5,0.0587,344.4,1722.0,626.1,0.3636,-27.65346,-48.43103,2025-12
9397,2025-02-10,SC,App,Informática,Notebook Pro,3,0.0567,4045.96,12137.88,3472.23,0.2861,-27.9304,-47.97993,2025-02
9398,2025-12-23,SC,App,Telefonia,Smartphone X,6,0.0233,2673.35,16040.1,2267.52,0.1414,-27.48052,-48.31815,2025-12
9399,2025-06-17,SC,Online,Móveis,Mesa Compacta,2,0.0233,715.68,1431.36,348.68,0.2436,-27.3757,-48.24734,2025-06
9400,2025-07-31,SC,Loja Física,Acessórios,Teclado Mecânico,5,0.0449,369.26,1846.3,716.95,0.3883,-27.61949,-48.8483,2025-07
9401,2025-10-03,MG,Loja Física,Acessórios,Headset Pro,7,0.0041,325.79,2280.53,920.99,0.4038,-19.75414,-44.36209,2025-10
9402,2025-09-04,SC,Online,Informática,Notebook Pro,6,0.0658,4125.15,24750.9,6352.38,0.2567,-27.54492,-48.44462,2025-09
9403,2025-07-02,GO,Marketplace,Telefonia,Smartphone X,3,0.1283,2566.83,7700.49,1414.38,0.1837,-16.6029,-49.41524,2025-07
9404,2025-06-16,RJ,Online,Móveis,Cadeira Office,4,0.0423,905.5,3622.0,710.76,0.1962,-22.29418,-42.59811,2025-06
9405,2025-12-30,PR,Marketplace,Móveis,Mesa Compacta,3,0.143,693.73,2081.19,594.57,0.2857,-24.8193,-48.80935,2025-12
9406,2025-04-26,PR,App,Informática,Notebook Pro,6,0.1077,3754.29,22525.74,3879.06,0.1722,-25.49045,-48.8892,2025-04
9407,2025-06-07,SP,Marketplace,Móveis,Cadeira Office,3,0.1224,827.21,2481.63,433.86,0.1748,-23.48663,-46.3523,2025-06
9408,2025-12-01,MG,App,Telefonia,Smartphone X,6,0.0,2484.85,14909.1,2213.1,0.1484,-19.85768,-44.34428,2025-12
9409,2025-06-12,GO,Marketplace,Móveis,Cadeira Office,1,0.0908,878.21,878.21,195.2,0.2223,-16.81057,-49.72454,2025-06
9410,2025-03-20,PE,App,Acessórios,Headset Pro,5,0.0804,299.14,1495.7,562.7,0.3762,-8.26147,-34.13421,2025-03
9411,2025-03-31,GO,Online,Móveis,Mesa Compacta,4,0.0508,705.95,2823.8,713.52,0.2527,-16.59658,-48.9693,2025-03
9412,2025-07-08,BA,Online,Móveis,Mesa Compacta,3,0.0754,725.53,2176.59,690.45,0.3172,-12.85319,-38.94559,2025-07
9413,2025-07-03,RS,Marketplace,Informática,Notebook Pro,3,0.117,3643.45,10930.35,862.89,0.0789,-30.62759,-51.31472,2025-07
9414,2025-08-12,RS,Marketplace,Telefonia,Smartphone X,3,0.0678,2643.35,7930.05,1578.93,0.1991,-30.34559,-51.18714,2025-08
9415,2025-04-03,RJ,Online,Acessórios,Mouse Gamer,5,0.0409,201.14,1005.7,421.6,0.4192,-22.49453,-43.17134,2025-04
9416,2025-11-17,RS,Online,Móveis,Mesa Compacta,4,0.0376,742.06,2968.24,769.68,0.2593,-29.87548,-51.2957,2025-11
9417,2025-08-09,CE,App,Móveis,Cadeira Office,5,0.0496,931.17,4655.85,1247.35,0.2679,-3.69471,-38.78368,2025-08
9418,2025-05-01,PE,Loja Física,Móveis,Cadeira Office,4,0.0,1052.94,4211.76,1431.84,0.34,-7.63821,-34.66016,2025-05
9419,2025-04-30,BA,Marketplace,Acessórios,Mouse Gamer,6,0.0765,189.79,1138.74,407.64,0.358,-12.97119,-38.90093,2025-04
9420,2025-03-05,PE,Loja Física,Informática,Notebook Pro,4,0.0132,4043.68,16174.72,4086.44,0.2526,-8.62076,-34.6151,2025-03
9421,2025-12-04,RS,Online,Acessórios,Headset Pro,7,0.0256,297.71,2083.97,798.56,0.3832,-30.36589,-51.2774,2025-12
9422,2025-10-19,CE,App,Móveis,Cadeira Office,2,0.0822,906.17,1812.34,301.44,0.1663,-3.27697,-38.3422,2025-10
9423,2025-02-09,SP,Loja Física,Informática,Monitor 27,4,0.0801,1447.13,5788.52,1563.6,0.2701,-23.16949,-46.34726,2025-02
9424,2025-10-25,MG,App,Móveis,Cadeira Office,4,0.029,940.6,3762.4,782.8,0.2081,-20.02443,-43.49374,2025-10
9425,2025-11-15,CE,Online,Acessórios,Teclado Mecânico,2,0.1373,346.56,693.12,247.12,0.3565,-4.34368,-38.81356,2025-11
9426,2025-11-01,SC,Online,Acessórios,Teclado Mecânico,4,0.0,403.14,1612.56,709.68,0.4401,-27.19345,-48.72494,2025-11
9427,2025-12-22,RS,App,Móveis,Cadeira Office,3,0.0236,1019.36,3058.08,958.5,0.3134,-29.97137,-51.14446,2025-12
9428,2025-09-15,MG,Marketplace,Acessórios,Mouse Gamer,3,0.1149,182.82,548.46,201.0,0.3665,-19.85793,-43.43506,2025-09
9429,2025-04-26,PR,App,Informática,Notebook Pro,4,0.0372,3646.42,14585.68,577.6,0.0396,-25.24907,-49.43771,2025-04
9430,2025-02-16,GO,Loja Física,Telefonia,Smartphone X,3,0.0,2544.93,7634.79,1553.61,0.2035,-16.57715,-48.93105,2025-02
9431,2025-11-20,PE,Marketplace,Telefonia,Smartphone X,6,0.1625,2340.34,14042.04,1921.26,0.1368,-7.21347,-34.68741,2025-11
9432,2025-04-20,SP,Marketplace,Móveis,Mesa Compacta,6,0.0592,723.74,4342.44,1111.8,0.256,-23.53933,-46.96388,2025-04
9433,2025-10-21,GO,Marketplace,Acessórios,Mouse Gamer,4,0.1459,185.87,743.48,246.48,0.3315,-16.19616,-48.87771,2025-10
9434,2025-10-02,PR,App,Móveis,Mesa Compacta,2,0.123,654.31,1308.62,223.38,0.1707,-26.46241,-49.04904,2025-10
9435,2025-11-17,CE,Loja Física,Telefonia,Smartphone X,4,0.0374,2640.07,10560.28,2561.4,0.2426,-3.58303,-38.03821,2025-11
9436,2025-09-14,RJ,Online,Informática,Notebook Pro,5,0.0554,4409.68,22048.4,6546.55,0.2969,-22.8695,-43.27809,2025-09
9437,2025-02-17,MG,Online,Informática,Notebook Pro,3,0.0518,3900.41,11701.23,2319.96,0.1983,-19.84072,-44.27676,2025-02
9438,2025-04-01,SP,App,Informática,Monitor 27,6,0.0961,1315.64,7893.84,1428.0,0.1809,-23.08563,-46.49523,2025-04
9439,2025-01-31,GO,Loja Física,Acessórios,Mouse Gamer,3,0.1103,186.46,559.38,184.14,0.3292,-16.73258,-49.92301,2025-01
9440,2025-09-30,SC,Online,Acessórios,Headset Pro,7,0.0566,328.85,2301.95,938.14,0.4075,-27.53238,-48.09111,2025-09
9441,2025-06-06,CE,Online,Informática,Notebook Pro,5,0.0527,3680.1,18400.5,4033.4,0.2192,-3.86706,-38.53985,2025-06
9442,2025-09-08,SP,Marketplace,Informática,Notebook Pro,5,0.1039,3983.28,19916.4,4629.3,0.2324,-23.32162,-46.61506,2025-09
9443,2025-04-09,RS,Loja Física,Acessórios,Headset Pro,6,0.0832,271.41,1628.46,444.96,0.2732,-29.77809,-51.78092,2025-04
9444,2025-02-04,BA,Online,Móveis,Mesa Compacta,4,0.1357,668.46,2673.84,711.72,0.2662,-12.73833,-38.85759,2025-02
9445,2025-04-18,RJ,Loja Física,Acessórios,Headset Pro,5,0.0436,292.09,1460.45,577.75,0.3956,-22.9795,-43.49368,2025-04
9446,2025-03-20,BA,Online,Móveis,Mesa Compacta,3,0.0767,755.7,2267.1,731.46,0.3226,-13.29994,-38.09013,2025-03
9447,2025-02-01,PE,App,Móveis,Mesa Compacta,5,0.0768,702.94,3514.7,888.1,0.2527,-9.28948,-34.86803,2025-02
9448,2025-04-18,SP,Marketplace,Acessórios,Teclado Mecânico,8,0.1651,334.23,2673.84,827.68,0.3095,-23.43494,-46.26181,2025-04
9449,2025-07-14,SC,App,Acessórios,Headset Pro,2,0.1143,279.65,559.3,188.46,0.337,-28.33908,-48.28672,2025-07
9450,2025-07-18,BA,Online,Acessórios,Teclado Mecânico,3,0.0794,357.42,1072.26,414.18,0.3863,-13.02921,-38.46688,2025-07
9451,2025-03-12,RS,Marketplace,Informática,Monitor 27,5,0.1429,1318.63,6593.15,1428.65,0.2167,-29.82561,-51.08993,2025-03
9452,2025-11-17,SP,Online,Acessórios,Mouse Gamer,7,0.0384,189.47,1326.29,516.74,0.3896,-23.4471,-46.59573,2025-11
9453,2025-01-13,MG,App,Móveis,Mesa Compacta,6,0.0757,682.48,4094.88,1006.2,0.2457,-20.15273,-44.31325,2025-01
9454,2025-09-28,PE,Marketplace,Acessórios,Mouse Gamer,2,0.0782,207.3,414.6,147.66,0.3562,-8.25602,-35.06235,2025-09
9455,2025-09-04,RJ,Marketplace,Acessórios,Mouse Gamer,6,0.0564,212.82,1276.92,565.98,0.4432,-23.09348,-43.42731,2025-09
9456,2025-01-30,PR,Marketplace,Acessórios,Headset Pro,4,0.0677,303.03,1212.12,429.28,0.3542,-25.54122,-49.78515,2025-01
9457,2025-04-05,PE,Marketplace,Informática,Monitor 27,6,0.207,1292.46,7754.76,2236.32,0.2884,-7.89356,-35.47951,2025-04
9458,2025-11-02,PE,Marketplace,Móveis,Cadeira Office,4,0.0646,815.29,3261.16,619.64,0.19,-7.39731,-34.58725,2025-11
9459,2025-08-13,SC,Marketplace,Acessórios,Mouse Gamer,4,0.0744,196.62,786.48,316.24,0.4021,-27.34051,-47.90386,2025-08
9460,2025-02-23,SC,Loja Física,Informática,Notebook Pro,2,0.1257,4072.6,8145.2,1563.66,0.192,-27.36623,-48.91699,2025-02
9461,2025-11-16,BA,Online,Móveis,Mesa Compacta,3,0.0687,773.26,2319.78,712.62,0.3072,-13.08834,-38.46985,2025-11
9462,2025-02-10,RJ,App,Acessórios,Mouse Gamer,3,0.07,201.03,603.09,233.22,0.3867,-22.63517,-42.47821,2025-02
9463,2025-11-06,RJ,App,Telefonia,Smartphone X,7,0.0776,2566.44,17965.08,3367.7,0.1875,-22.71715,-43.50284,2025-11
9464,2025-05-01,RJ,Loja Física,Acessórios,Teclado Mecânico,3,0.1337,351.55,1054.65,386.01,0.366,-22.40388,-42.93984,2025-05
9465,2025-07-19,MG,Online,Acessórios,Headset Pro,1,0.0448,310.69,652.45,120.89,0.1853,-20.24112,-43.42356,2025-07
9466,2025-10-05,MG,App,Móveis,Cadeira Office,5,0.0196,988.6,4943.0,1516.1,0.3067,-19.97518,-44.37339,2025-10
9467,2025-12-21,RJ,Marketplace,Acessórios,Headset Pro,6,0.1308,261.11,1566.66,381.54,0.2435,-22.45109,-43.33288,2025-12
9468,2025-09-15,SC,App,Acessórios,Mouse Gamer,3,0.0973,192.79,578.37,187.11,0.3235,-27.52077,-48.46996,2025-09
9469,2025-03-24,SP,App,Acessórios,Teclado Mecânico,2,0.0377,420.17,840.34,341.36,0.4062,-23.65839,-46.47476,2025-03
9470,2025-07-23,CE,Online,Informática,Notebook Pro,2,0.0867,3503.45,7006.9,399.66,0.057,-3.57197,-38.40481,2025-07
9471,2025-03-06,PR,Online,Informática,Notebook Pro,5,0.0471,4562.44,22812.2,7628.8,0.3344,-25.20131,-49.17193,2025-03
9472,2025-10-15,RJ,Online,Telefonia,Smartphone X,3,0.0284,2680.33,8040.99,1904.61,0.2369,-22.73978,-42.65001,2025-10
9473,2025-01-06,RS,App,Acessórios,Teclado Mecânico,2,0.0414,399.74,799.48,329.44,0.4121,-30.09011,-50.69183,2025-01
9474,2025-08-07,CE,App,Acessórios,Headset Pro,4,0.1137,275.78,1103.12,382.72,0.3469,-3.79309,-38.40229,2025-08
9475,2025-07-11,GO,Loja Física,Acessórios,Teclado Mecânico,4,0.02,401.84,1607.36,690.84,0.4298,-16.02507,-48.961,2025-07
9476,2025-03-24,RS,Online,Acessórios,Headset Pro,6,0.0882,313.95,1883.7,808.08,0.429,-30.40429,-51.2239,2025-03
9477,2025-11-13,SC,Loja Física,Acessórios,Mouse Gamer,6,0.137,192.15,1152.9,376.5,0.3266,-27.8833,-48.43863,2025-11
9478,2025-07-05,RJ,Online,Informática,Notebook Pro,4,0.0324,4062.67,16250.68,3989.08,0.2455,-22.82114,-42.57602,2025-07
9479,2025-06-24,CE,App,Acessórios,Teclado Mecânico,4,0.0382,390.76,1563.04,749.92,0.4798,-4.03515,-38.04046,2025-06
9480,2025-03-20,PR,Loja Física,Acessórios,Mouse Gamer,3,0.0518,191.7,575.1,193.38,0.3363,-25.57781,-49.3582,2025-03
9481,2025-09-02,BA,Marketplace,Acessórios,Mouse Gamer,4,0.1492,181.43,725.72,234.96,0.3238,-12.8226,-38.3517,2025-09
9482,2025-05-16,PE,Loja Física,Telefonia,Smartphone X,3,0.0802,2427.61,7282.83,643.08,0.0883,-7.58926,-34.48912,2025-05
9483,2025-08-12,CE,Marketplace,Acessórios,Headset Pro,4,0.0867,274.97,1099.88,336.8,0.3062,-3.89975,-38.33637,2025-08
9484,2025-12-15,PE,Loja Física,Informática,Notebook Pro,4,0.018,4385.14,17540.56,4645.32,0.2648,-7.95391,-35.03954,2025-12
9485,2025-01-24,PE,Online,Acessórios,Mouse Gamer,3,0.04,195.5,586.5,213.78,0.3645,-7.29384,-34.71433,2025-01
9486,2025-10-28,SP,Online,Móveis,Mesa Compacta,6,0.063,743.76,4462.56,1456.02,0.3263,-23.89663,-46.48809,2025-10
9487,2025-02-21,RS,App,Acessórios,Teclado Mecânico,4,0.0131,418.89,1675.56,748.24,0.4466,-30.7655,-51.67534,2025-02
9488,2025-07-09,SC,Online,Informática,Monitor 27,4,0.0459,1516.46,6065.84,1660.0,0.2737,-27.90402,-48.49485,2025-07
9489,2025-07-22,PR,Online,Móveis,Mesa Compacta,2,0.0945,682.12,1364.24,304.48,0.2232,-25.95655,-49.00957,2025-07
9490,2025-01-08,SC,Marketplace,Móveis,Cadeira Office,1,0.1547,837.11,837.11,102.69,0.1227,-27.61221,-48.08583,2025-01
9491,2025-07-19,PE,App,Móveis,Mesa Compacta,2,0.0119,807.86,1615.72,649.22,0.4018,-7.54575,-35.13538,2025-07
9492,2025-03-26,SC,App,Móveis,Mesa Compacta,4,0.043,810.18,3240.72,1289.48,0.3979,-27.97711,-48.64368,2025-03
9493,2025-01-15,CE,Online,Acessórios,Mouse Gamer,3,0.0345,200.62,601.86,232.95,0.3871,-3.92433,-38.36655,2025-01
9494,2025-02-19,RJ,Online,Acessórios,Mouse Gamer,6,0.0979,194.14,1164.84,472.2,0.4054,-22.84758,-43.90948,2025-02
9495,2025-01-19,MG,Marketplace,Informática,Notebook Pro,8,0.0796,4145.54,33164.32,5398.0,0.1628,-20.3016,-43.52112,2025-01
9496,2025-10-18,SC,Loja Física,Acessórios,Headset Pro,1,0.092,276.48,276.48,82.33,0.2978,-27.29581,-48.65355,2025-10
9497,2025-11-16,CE,Loja Física,Acessórios,Teclado Mecânico,2,0.0178,390.13,780.26,327.32,0.4195,-3.70428,-38.22994,2025-11
9498,2025-03-29,PE,Marketplace,Acessórios,Headset Pro,3,0.0581,296.75,890.25,311.13,0.3495,-7.66475,-35.1646,2025-03
9499,2025-11-24,SC,App,Informática,Monitor 27,5,0.0596,1344.97,6724.85,1425.25,0.2119,-28.14357,-48.98762,2025-11
9500,2025-06-27,PR,Loja Física,Móveis,Cadeira Office,5,0.0396,912.87,4564.35,1030.45,0.2258,-25.5188,-48.82274,2025-06
9501,2025-11-24,BA,App,Informática,Monitor 27,3,0.1097,1286.72,3860.16,497.25,0.1288,-12.3177,-38.50797,2025-11
9502,2025-07-14,RJ,Marketplace,Acessórios,Mouse Gamer,3,0.0311,188.71,566.13,184.47,0.3258,-22.65475,-43.3845,2025-07
9503,2025-11-03,CE,App,Móveis,Cadeira Office,4,0.0594,968.65,3874.6,1256.32,0.3242,-4.22445,-38.35262,2025-11
9504,2025-07-20,SP,Loja Física,Acessórios,Teclado Mecânico,2,0.0724,311.14,622.28,189.14,0.3039,-23.24313,-47.01433,2025-07
9505,2025-01-18,SP,Marketplace,Informática,Notebook Pro,7,0.0693,3944.4,27610.8,6374.83,0.2309,-23.34776,-46.37222,2025-01
9506,2025-06-12,CE,Loja Física,Informática,Monitor 27,2,0.1028,1362.9,2725.8,582.92,0.2139,-3.50962,-38.31128,2025-06
9507,2025-07-29,SC,Marketplace,Informática,Notebook Pro,4,0.1055,3933.71,33043.16,2788.8,0.0844,-27.70899,-48.60419,2025-07
9508,2025-10-29,PR,Loja Física,Informática,Notebook Pro,4,0.0315,3901.28,15605.12,2692.2,0.1725,-25.58146,-49.18957,2025-10
9509,2025-02-20,MG,Online,Móveis,Cadeira Office,5,0.0,957.51,4787.55,1363.15,0.2847,-19.86499,-43.42401,2025-02
9510,2025-05-29,PE,App,Informática,Notebook Pro,3,0.1057,3839.17,11517.51,1407.48,0.1222,-8.78124,-34.60562,2025-05
9511,2025-05-15,BA,Online,Acessórios,Mouse Gamer,5,0.0857,181.67,908.35,286.45,0.3154,-13.30573,-38.5629,2025-05
9512,2025-04-26,CE,Marketplace,Acessórios,Teclado Mecânico,2,0.1416,315.31,630.62,198.02,0.314,-3.20943,-38.16585,2025-04
9513,2025-11-13,GO,Marketplace,Acessórios,Mouse Gamer,7,0.1392,169.77,1188.39,389.9,0.3281,-16.62079,-49.24016,2025-11
9514,2025-04-02,GO,Online,Acessórios,Headset Pro,3,0.0683,318.09,954.27,321.84,0.3373,-16.48576,-49.05547,2025-04
9515,2025-02-25,CE,Online,Acessórios,Mouse Gamer,5,0.0229,200.02,1000.1,372.9,0.3729,-4.27946,-38.48162,2025-02
9516,2025-05-11,GO,Loja Física,Informática,Monitor 27,2,0.0,1427.8,2855.6,791.24,0.2771,-16.55939,-49.05358,2025-05
9517,2025-12-31,RJ,Loja Física,Telefonia,Smartphone X,7,0.0353,2766.43,19365.01,5625.48,0.2905,-23.74599,-43.10085,2025-12
9518,2025-07-16,SP,Online,Móveis,Cadeira Office,3,0.1192,917.76,2753.28,759.06,0.2757,-23.70475,-46.25611,2025-07
9519,2025-03-10,GO,Marketplace,Informática,Notebook Pro,2,0.0711,4056.79,8113.58,1890.32,0.233,-16.69297,-49.09047,2025-03
9520,2025-06-28,PE,Loja Física,Informática,Monitor 27,1,0.0392,1525.33,1525.33,423.98,0.278,-7.96784,-34.43555,2025-06
9521,2025-09-12,PE,App,Acessórios,Teclado Mecânico,2,0.0588,364.54,729.08,279.4,0.3832,-8.56769,-33.94257,2025-09
9522,2025-04-12,SP,Online,Informática,Monitor 27,6,0.1261,1338.59,8031.54,1726.08,0.2149,-22.9898,-46.70898,2025-04
9523,2025-08-22,MG,Loja Física,Acessórios,Mouse Gamer,6,0.0,195.09,1170.54,468.12,0.3999,-19.04017,-43.78603,2025-08
9524,2025-05-23,MG,App,Informática,Monitor 27,5,0.056,1358.97,6794.85,1649.95,0.2428,-20.75151,-44.48517,2025-05
9525,2025-11-27,GO,Loja Física,Móveis,Mesa Compacta,4,0.0558,730.0,2920.0,802.0,0.2747,-17.24616,-49.48764,2025-11
9526,2025-05-22,CE,Loja Física,Informática,Monitor 27,1,0.1352,1250.4,1250.4,257.5,0.2059,-3.10766,-38.46974,2025-05
9527,2025-05-02,PE,Online,Informática,Monitor 27,5,0.07,1448.11,7240.55,2396.8,0.331,-7.97081,-34.77368,2025-05
9528,2025-07-06,RS,App,Acessórios,Mouse Gamer,1,0.0926,191.68,191.68,57.62,0.3006,-30.12569,-51.00149,2025-07
9529,2025-06-11,RJ,Marketplace,Móveis,Mesa Compacta,4,0.086,653.96,2615.84,685.0,0.2619,-23.39294,-43.21298,2025-06
9530,2025-10-11,RS,App,Informática,Monitor 27,4,0.0214,1499.41,5997.64,1643.36,0.274,-30.54038,-51.56866,2025-10
9531,2025-02-16,SC,Loja Física,Móveis,Cadeira Office,2,0.0524,870.78,1741.56,309.36,0.1776,-27.83818,-48.42426,2025-02
9532,2025-01-30,SC,Online,Acessórios,Teclado Mecânico,5,0.1207,323.94,1619.7,554.05,0.3421,-27.6556,-48.274,2025-01
9533,2025-12-15,MG,Marketplace,Acessórios,Mouse Gamer,6,0.0648,203.25,1219.5,491.52,0.4031,-19.93574,-44.17384,2025-12
9534,2025-05-20,PE,Online,Acessórios,Mouse Gamer,4,0.0617,204.91,819.64,344.28,0.42,-7.22079,-34.89323,2025-05
9535,2025-07-14,RJ,App,Acessórios,Mouse Gamer,1,0.0326,211.42,211.42,95.83,0.4533,-23.39053,-42.97864,2025-07
9536,2025-07-26,SP,Online,Informática,Monitor 27,3,0.0434,1358.73,4076.19,1056.18,0.2591,-23.42895,-47.20495,2025-07
9537,2025-01-08,CE,App,Informática,Notebook Pro,2,0.0025,4370.35,8740.7,2497.78,0.2858,-3.2854,-38.14065,2025-01
9538,2025-07-21,PR,Online,Informática,Monitor 27,2,0.0,1617.48,3234.96,1203.94,0.3722,-25.18231,-49.70116,2025-07
9539,2025-02-09,PE,Marketplace,Telefonia,Smartphone X,2,0.0748,2600.78,5201.56,982.74,0.1889,-8.20292,-35.18244,2025-02
9540,2025-03-05,BA,Marketplace,Informática,Notebook Pro,5,0.109,4388.84,21944.2,8162.15,0.372,-13.0831,-38.22876,2025-03
9541,2025-04-03,BA,Online,Informática,Notebook Pro,5,0.0713,4246.05,21230.25,5875.25,0.2767,-13.07736,-39.09429,2025-04
9542,2025-05-24,CE,Marketplace,Móveis,Mesa Compacta,6,0.1039,735.22,4411.32,1197.0,0.2713,-3.64701,-38.69706,2025-05
9543,2025-04-18,RS,Online,Móveis,Mesa Compacta,5,0.0183,715.53,3577.65,752.65,0.2104,-29.66523,-51.48669,2025-04
9544,2025-11-21,SC,App,Telefonia,Smartphone X,3,0.0697,2485.3,7455.9,1213.41,0.1627,-27.25993,-48.59248,2025-11
9545,2025-12-26,RJ,App,Móveis,Mesa Compacta,6,0.0,732.55,4395.3,1034.58,0.2354,-23.45953,-43.34988,2025-12
9546,2025-07-23,CE,Online,Acessórios,Headset Pro,2,0.0649,275.67,551.34,210.1,0.3811,-3.87464,-38.49473,2025-07
9547,2025-03-14,PE,Loja Física,Acessórios,Mouse Gamer,2,0.056,219.34,438.68,177.72,0.4051,-7.97268,-34.06352,2025-03
9548,2025-04-11,SP,Marketplace,Informática,Notebook Pro,9,0.0446,3977.81,35800.29,7603.65,0.2124,-23.69319,-46.6095,2025-04
9549,2025-12-31,RS,Loja Física,Informática,Notebook Pro,5,0.0293,4663.48,23317.4,6267.05,0.2688,-30.07961,-51.15245,2025-12
9550,2025-06-14,BA,Loja Física,Acessórios,Headset Pro,1,0.0612,329.46,329.46,150.89,0.458,-13.36092,-38.17043,2025-06
9551,2025-08-15,PR,Online,Acessórios,Teclado Mecânico,4,0.0276,397.92,1591.68,662.96,0.4165,-25.1449,-49.14421,2025-08
9552,2025-02-13,PE,Marketplace,Acessórios,Teclado Mecânico,4,0.1453,309.52,1238.08,266.12,0.2149,-7.99694,-34.8551,2025-02
9553,2025-09-04,SC,App,Informática,Monitor 27,2,0.0477,1323.53,2647.06,596.12,0.2252,-27.27333,-49.26618,2025-09
9554,2025-11-28,RS,Online,Informática,Monitor 27,5,0.0,1490.86,7454.3,1543.55,0.2071,-30.34704,-51.28705,2025-11
9555,2025-08-02,SP,App,Acessórios,Headset Pro,6,0.0472,306.64,1839.84,612.0,0.3326,-24.00152,-47.46191,2025-08
9556,2025-11-07,BA,App,Telefonia,Smartphone X,2,0.0969,2632.11,5264.22,1412.26,0.2683,-12.6147,-38.08692,2025-11
9557,2025-09-29,MG,App,Telefonia,Smartphone X,7,0.0644,2892.22,20245.54,5725.72,0.2828,-20.02471,-43.863,2025-09
9558,2025-04-20,RS,Online,Móveis,Mesa Compacta,2,0.0,741.65,1483.3,435.26,0.2934,-29.43662,-51.53665,2025-04
9559,2025-05-17,GO,Loja Física,Informática,Monitor 27,2,0.0606,1468.72,2937.44,644.76,0.2195,-16.62358,-48.89595,2025-05
